prs_nat;l_prs_nat
0;SANS OBJET
1111;CONSULTATION COTEE C
1112;CONSULTATION COTEE CS
1113;CONSULTATION COTEE CNP
1114;CONSULTATION SPECIFIQUE CARDIOLOGIE
1115;CONSULTATION BILAN
1116;MAJORATION FORFAITAIRE TRANSITOIRE
1117;CONSULTATION DES SPECIALISTES COTEE C2
1118;CONSULTATION DES PSYCHIATRES COTEE C2,5
1119;MAJORATION TRANSITOIRE SPECIFIQUE
1120;COMPLEMENT CONSULTATION SPECIALISTE
1121;HONORAIRE DE SURVEILLANCE
1122;EXAMEN SPECIAL (PROTOCOLE)
1123;SUITE D EXAMEN DE SANTE
1124;REMUNERATION MEDECIN TRAITANT PAR PATIENT EN ALD
1125;MAJORATION DE COORDINATION DES GENERALISTES
1126;MAJORATION DE COORDINATION SPECIALISTES
1127;MAJORATION DE COORDINATION CARDIOLOGUES
1128;DIFFERENTIEL REFERENT TRAITANT
1129;MAJORATION FORFAITAIRE TRANSITOIRE (POUR LES MOINS DE 16 ANS)
1130;FORFAIT MEDECIN TRAITANT
1131;MAJORATION CONSULTATION APPAREILLAGE
1132;MAJORATION CONSULTATION ENDOCRINO
1133;MAJORATION GENERALISTE ENFANT
1134;MAJORATION PREMIERE CONSULTATION FAMILLE
1135;MAJORATION CONSULTATION ANNUELLE FAMILLE
1136;MAJORATION ANNUELLE DE SYNTHESE
1137;MAJORATION NOURRISSON
1138;REMUNERATION ADDITIONNELLE CAPI
1139;REMUNERATION DES ADHERENTS AU CAPI
1140;CONSULTATION SPECIFIQUE DE DEPISTAGE
1141;MAJORATION PEDIATRE ENFANT
1142;REMUNERATION ADHESION SOPHIA (SOINS DE VILLE)
1143;REMUNERATION RENOUVELLEMENT SOPHIA (SOINS DE VILLE)
1144;REMUNERATION FORFAITAIRE POUR LE SUIVI DES PATIENTS EN POST ALD
1145;REMUNERATION OBJECTIF MEDECIN
1146;REMUNERATION OBJECTIF MEDECIN COMPLEMENT
1147;CONTESTATION FORFAIT MEDECIN TRAITANT
1148;REMUNERATION FORFAITAIRE PAR CONSULTATION POUR LE SUIVI DES PERSONNES AGEES
1149;CONTESTATION REMUNERATION SUIVI PERSONNES AGEES
1150;REMUNERATION PRATICIENS TERRITORIAUX DE MEDECINE GENERALE
1152;MAJORATION SUIVI DES ENFANTS GRANDS PREMATURES OU ATTEINTS DE PATHOLOGIE CONGENITALE GRAVE
1153;MAJORATION CONSULTATION POUR INSUFFISANT CARDIAQUE APRES HOSPITALISATION
1154;MAJORATION CONSULTATION SUIVI APRES HOSPITALISATION PATIENTS A FORTE COMORBIDITE
1155;REMU CAS COTISATIONS SOCIALES
1156;CONT. CAS COT.SOC.
1211;VISITE COTEE V
1212;VISITE COTEE VS
1213;VISITE COTEE VNP
1214;VISITE LONGUE ET COMPLEXE
1221;VISITE D URGENCE
1222;VISITE URGENCE VU/MU
1223;MAJORATION MAINTIEN A DOMICILE
1224;MD (CRITERES MEDICAUX)
1225;MDE ( CRITERES ENVIRONNEMENTAUX)
1226;MD DE NUIT
1227;MD DE MILIEU NUIT
1228;MD DE DIMANCHE ET JOUR FERIES
1229;MDE DE NUIT
1231;MDE MILIEU DE NUIT
1232;MDE DIMANCHE ET JOUR FERIES
1311;ACTES EN K CHIRURGICAL
1312;ACTES DE SPECIALITE EN K
1313;ACTES EN K D URGENCE
1314;FORFAIT CHIRURGIE 1
1315;FORFAIT CHIRURGIE 2
1316;ACTES DE DIAGNOSTIC COTES KE
1317;ACTES EN KCC: ACTES SPECIFIQUES DES CHIRURGIENS
1318;ACTE DE PHONIATRIE PAR MEDECIN
1319;MAJORATION FORFAIT ACCOUCHEMENT
1320;FORFAIT RADIOGRAPHIE,ECHOGRAPHIE
1321;ACTE DE CHIRURGIE CCAM
1322;ACTE D'OBSTETRIQUE CCAM
1323;ACTE D'ANESTHESIE CCAM
1324;ACTE D'ECHOGRAPHIE CCAM
1331;ACTES DE RADIOLOGIE
1332;ACTES DE RADIOLOGIE NUCLEAIRE
1333;MAJORATION POUR PRODUIT RADIOPHARMACEUTIQUE
1334;DEPISTAGE CANCER DU SEIN
1335;ACTE DE RADIOLOGIE MAMMOGRAPHIE
1336;ACTE DE RADIOLOGIE MAMMOGRAPHIE DEPISTAGE
1341;ACTES D ANATOMO-CYTO-PATHOLOGIE/MEDECINS
1342;MAJORATION ANATOMO-CYTO-PATHOLOGIE
1345;MAJORATION TRANSITOIRE
1351;ACTE D'IMAGERIE (hors ECHOGRAPHIE) CCAM
1352;ACTES TECHNIQUES MEDICAUX (hors IMAGERIE) CCAM
1361;VIDEOCAPSULE
1411;ACTES EN SCM (ET SPA POUR LA CRPCEN)
1421;ACTES DE PROTHESE DENTAIRE PRATIQUES PAR LE MEDECIN
1422;TRAITEMENTS D ORTHODONTIE PRATIQUES PAR LE MEDECIN (ET EOS POUR LA CRPCEN)
1423;ACTES DE PROTHESE DENTAIRE PRATIQUES PAR LE CHIRURGIEN-DENTISTE
1424;TRAITEMENTS D ORTHODONTIE PRATIQUES PAR LE CHIRURGIEN-DENTISTE (ET ETO POUR LA CRPCEN)
1425;COMPLEMENT AT 150% DENTAIRE
1431;ACTES EN D (ET OCC POUR LA CRPCEN)
1432;ACTES EN DC
1433;ACTES EN SC (ET SCA POUR LA CRPCEN)
1434;PREVENTION BUCCO-DENTAIRE: CONSULTATION - MATER
1435;PREVENTION BUCCO-DENTAIRE: RADIO DEUX CLICHES-MATER
1436;PREVENTION BUCCO-DENTAIRE: RADIO QUATRE CLICHES-MATER
1437;Majoration specifique PDS Clinique Dentiste
1451;SOINS DENTAIRES
1452;PROTHESE AMOVIBLE DEFINITIVE RESINE
1453;PROPHYLAXIE BUCCO DENTAIRE CCAM
1461;ACTES DIVERS PROTHESE DENTAIRE CCAM
1462;PROTHESE FIXE METALLIQUE
1463;PROTHESE DENTAIRE FIXE ESTHETIQUE CCAM
1464;PROTHESE DENTAIRE AMOVIBLE CCAM
1465;IMPLANTOLOGIE - CCAM
1466;TRAITEMENT ORTHOPEDIE DENTO FACIALE CCAM
1470;ENDODONTIE
1471;INLAY-ONLAY
1472;PARODONTOLOGIE
1473;INLAY-CORE
1474;PROTHESE AMOVIBLE DEFINITIVE METALLIQUE
1475;PROTHESE DENTAIRE PROVISOIRE
1476;PROTHESE FIXE CERAMIQUE
1477;REPARATION SUR PROTHESE
1511;FORFAIT D ACCOUCHEMENT SIMPLE DES SAGES-FEMMES (FORFAIT N91)
1512;FORFAIT D ACCOUCHEMENT MULTIPLE DES SAGES-FEMMES (FORFAIT N92)
1521;MAJORATION POUR GARDE
1522;MAJORATION ASTREINTE
1523;Permanence Remuneration demi-journee Chirurgien-dentiste
1601;CONTRAT PRATIQUE VERSEMENT UNIQUEMENT
1602;FORFAIT CONTRAT DE BONNES PRATIQUES
1603;FORFAIT CONTRAT DE BONNES PRATIQUES CP1
1604;FORFAIT CONTRAT DE BONNES PRATIQUES CP2
1605;FORFAIT CONTRAT DE BONNES PRATIQUES CP3
1606;FORFAIT CONTRAT DE BONNES PRATIQUES
1607;FORFAIT CONTRAT DE SANTE PUBLIQUE INFIRMIER
1608;FORFAIT CONTRAT DE SANTE PUBLIQUE BIOLOGISTES
1609;CONTRAT DE BONNES PRATIQUES ZONE RURAL
1611;CONTRAT DE BONNES PRATIQUES ZONE MONTAGNE
1612;CONTRAT DE BONNES PRATIQUES ZONE URBAINE
1613;CONTRAT DE BONNES PRATIQUES ZONE FRANCHE URBAINE
1614;CONTRAT DE BONNES PRATIQUES TRANSPORTEURS 2006
1615;CONTRAT DE BONNES PRATIQUES TRANSPORTEURS 2007
1616;CONTRAT DE BONNES PRATIQUES TRANSPORTEURS 2008
1617;REDEVANCE CHEF DE CLINIQUE
1618;COMPLEMENT DE REMUNERATION CHEF DE CLINIQUE
1619;CONTRAT SANTE SOLIDARITE
1621;CONTRAT D'AMELIORATION DE L'ORGANISATION DES SOINS - TRANSPORTS
1622;CONTRAT D'AMELIORATION DE L'ORGANISATION DES SOINS - PHARMACIE/LPP
1623;REVERSEMENTS CONTRAT D'AMELIORATION DE L'ORGANISATION DES SOINS TRANSPORTS
1624;REVERSEMENTS CONTRAT D'AMELIORATION DE L'ORGANISATION DES SOINS - PHARMACIE / LPP
1625;PENALITES CONTRAT D'AMELIORATION DE L'ORGANISATION DES SOINS - TRANSPORT
1626;PENALITES CONTRAT D'AMELIORATION DE L'ORGANISATION DES SOINS - PHARMACIE / LPP
1627;CONTRAT INCITATIF CHIRURGIEN-DENTISTE
1628;DEMO. AIDE FORFAITAIRE GROUPE
1629;DEMO. AIDE FORFAITAIRE POLE SANTE
1630;DEMO. ACTIVITE GROUPE
1631;DEMO. ACTIVITE POLE SANTE
1632;SST AIDE ACTIVITE
1633;SST FRAIS DEPLACEMENT
1634;CONTESTATION POUR AIDE FORFAITAIRE POUR LES ADHERENTS A L'OPTION DEMOGRAPHIE DANS UN GROUPE
1635;CONTESTATION POUR AIDE FORFAITAIRE POUR LES ADHERENTS A L'OPTION DEMOGRAPHIE DANS UN POLE DE SANTE
1636;CONTESTATION POUR AIDE A L'ACTIVITE POUR LES ADHERENTS A L'OPTION DEMOGRAPHIE DANS UN GROUPE
1637;CONTESTATION POUR AIDE A L'ACTIVITE POUR LES ADHERENTS A L'OPTION DEMOGRAPHIE DANS UN POLE DE SANTE
1638;CONTESTATION POUR AIDE A L'ACTIVITE POUR LES ADHERENTS A L'OPTION SST
1639;CONTESTATION POUR FRAIS DE DEPLACEMENT POUR LES ADHERENTS A L'OPTION SST
1701;CDS MEDICAL OPTANT FORF DEBUT
1702;CDS MEDICAL OPTANT FORF FIN
1703;CDS MEDICAL OPTANT FORFTACITE
1704;CDS DENTAIRE OPTANT FORF INITIAL
1705;CDS DENTAIRE OPTANT FORF SUIVI
1706;CDS DENTAIRE OPTANT FORF FINAL
1707;CDS INFIRMIER OPTANT FORF DEBUT
1708;CDS INFIRMIER OPTANT FORF FIN
1711;FORFAIT MEDECIN REFERENT DEBUT DE CONTRAT
1712;FORFAIT MEDECIN REFERENT FIN DE CONTRAT
1713;FORFAIT MEDECIN REFERENT INFORMATISE
1715;FORFAIT MENSUEL COORDONNATEUR
1716;FORFAIT MENSUEL PARTICIPATION
1717;FORFAIT MENSUEL SOINS
1718;FORFAIT D'ADHESION ZONE DEFICITAIRE
1721;FORFAIT PROFESSIONNEL (F01) FILIERES ET RESEAUX
1722;FORFAIT PROFESSIONNEL (F02) FILIERES ET RESEAUX
1723;FORFAIT PROFESSIONNEL (F03) FILIERES ET RESEAUX
1724;FORFAIT PROFESSIONNEL (F04) FILIERES ET RESEAUX
1725;FORFAIT PROFESSIONNEL (F05) FILIERES ET RESEAUX
1726;FORFAIT PROFESSIONNEL (F06) FILIERES ET RESEAUX
1727;FORFAIT PROFESSIONNEL (F07) FILIERES ET RESEAUX
1728;FORFAIT PROFESSIONNEL (F08) FILIERES ET RESEAUX
1729;FORFAIT PROFESSIONNEL (F09) FILIERES ET RESEAUX
1731;FORFAIT PROFESSIONNEL (F10) FILIERES ET RESEAUX
1732;FORFAIT PROFESSIONNEL (F11) FILIERES ET RESEAUX
1733;FORFAIT PROFESSIONNEL (F12) FILIERES ET RESEAUX
1734;FORFAIT PROFESSIONNEL (F13) FILIERES ET RESEAUX
1735;FORFAIT PROFESSIONNEL (F14) FILIERES ET RESEAUX
1736;FORFAIT PROFESSIONNEL (F15) FILIERES ET RESEAUX
1741;FORFAIT CONSULTATION (FC0) FILIERES ET RESEAUX
1742;FORFAIT CONSULTATION (FC1) FILIERES ET RESEAUX
1743;FORFAIT CONSULTATION (FC2) FILIERES ET RESEAUX
1744;FORFAIT CONSULTATION (FC3) FILIERES ET RESEAUX
1745;FORFAIT CONSULTATION (FC4) FILIERES ET RESEAUX
1746;FORFAIT CONSULTATION (FC5) FILIERES ET RESEAUX
1747;FORFAIT CONSULTATION (FC6) FILIERES ET RESEAUX
1748;FORFAIT CONSULTATION (FC7) FILIERES ET RESEAUX
1749;FORFAIT CONSULTATION (FC8) FILIERES ET RESEAUX
1751;FORFAIT CONSULTATION (FC9) FILIERES ET RESEAUX
1761;FORFAIT FORMATION (FF0) FILIERES ET RESEAUX
1762;FORFAIT FORMATION (FF1) FILIERES ET RESEAUX
1763;FORFAIT FORMATION (FF2) FILIERES ET RESEAUX
1764;FORFAIT FORMATION (FF3) FILIERES ET RESEAUX
1765;FORFAIT FORMATION (FF4) FILIERES ET RESEAUX
1766;FORFAIT FORMATION (FF5) FILIERES ET RESEAUX
1767;FORFAIT FORMATION (FF6) FILIERES ET RESEAUX
1768;FORFAIT FORMATION (FF7) FILIERES ET RESEAUX
1769;FORFAIT FORMATION (FF8) FILIERES ET RESEAUX
1771;FORFAIT FORMATION (FF9) FILIERES ET RESEAUX
1781;FORFAIT PREVENTION/DEPISTAGE (FP0) FILIERES ET RESEAUX
1782;FORFAIT PREVENTION/DEPISTAGE (FP1) FILIERES ET RESEAUX
1783;FORFAIT PREVENTION/DEPISTAGE (FP2) FILIERES ET RESEAUX
1784;FORFAIT PREVENTION/DEPISTAGE (FP3) FILIERES ET RESEAUX
1785;FORFAIT PREVENTION/DEPISTAGE (FP4) FILIERES ET RESEAUX
1786;FORFAIT PREVENTION/DEPISTAGE (FP5) FILIERES ET RESEAUX
1787;FORFAIT PREVENTION/DEPISTAGE (FP6) FILIERES ET RESEAUX
1788;FORFAIT PREVENTION/DEPISTAGE (FP7) FILIERES ET RESEAUX
1789;FORFAIT PREVENTION/DEPISTAGE (FP8) FILIERES ET RESEAUX
1791;FORFAIT PREVENTION/DEPISTAGE (FP9) FILIERES ET RESEAUX
1811;IK PLAINE
1812;IK MONTAGNE
1813;IK PIED SKI
1814;FRAIS DE DEPLACEMENT VACATION
1821;ID PARIS LYON MARSEILLE, +100.000 HA, -100.000 HA
1841;INDEMNITES FORFAITAIRES DE DEPLACEMENT
1842;INDEMNITES FORFAITAIRES DE DEPLACEMENT DES AUXILIAIRES MEDICAUX ET ASSIMILES
1843;INDEMNITES FORFAITAIRES DE DEPLACEMENT MK ORTHOPEDIQUE ET RHUMATOLOGIQUE
1844;INDEMNITES FORFAITAIRES DE DEPLACEMENT MK RHUMATISMALE
1845;INDEMNITES FORFAITAIRES DE DEPLACEMENT MK NEUROLOGIQUE
1846;INDEMNITES FORFAITAIRES DE DEPLACEMENT MK PNEUMOLOGIE
1847;INDEMNITES FORFAITAIRES DE DEPLACEMENT DE SORTIE
1910;Plan personnalise de sante
1911;ACTES DES SAGES-FEMMES
1912;HONORAIRES NON VENTILABLES INDIVIDUALISES
1913;MAJORATION MILIEU DE NUIT
1914;FORFAIT PEDIATRIQUE
1915;FORFAIT ASTREINTE PROF
1916;REMUNERATION POUR GARDE ETS PRIVES
1917;REMUNERATION POUR ASTREINTE ETS PRIVES
1918;MAJORATION D'URGENCE
1919;DEPENSES DE MEDECINE FORFAITAIRE (OMNIPRATICIENS ET AUXILIAIRES MEDICAUX)
1920;CONTRAT DEMOGRAPHIQUE SAGE-FEMME
1921;TEST DE DIAGNOSTIC RAPIDE
1922;CONSULTATION
1923;EXAMEN DE SUIVI POST NATAL
1924;REMUNERATION VACCINATION GRIPPE A MEDECIN
1925;REMUNERATION VACCINATION GRIPPE A PAR MEDECIN RETRAITE ET SALARIES HORS OBLIGATIONS
1926;ACTE DE VACCINATION GRIPPE A/H1N1
1931;MAJORATION NOURRISSON PEDIATRE
1932;MAJORATION NOURRISSON GENERALISTE
1933;MAJORATION CONSULTATION REGULEE DE NUIT
1934;MAJORATION CONSULTATION REGULEE MILIEU DE NUIT
1935;MAJORATION CONSULTATION REGULEE DIMANCHE, JOURS FERIES ET ASSIMILES
1936;MAJORATION VISITE REGULEE DE NUIT
1937;MAJORATION VISITE REGULEE MILIEU DE NUIT
1938;MAJORATION VISITE REGULEE DE DIMANCHE, JOURS FERIES ET ASSIMILES
1941;MAJORATION CONSULTATION REGULEE SAMEDI APRES MIDI
1942;MAJORATION VISITE REGULEE SAMEDI APRES MIDI
1951;PARTICIPATION FORFAITAIRE HORS TIERS PAYANT
1952;PARTICIPATION FORFAITAIRE TIERS PAYANT
1954;PARTICIPATION ASSURE CONSULTATIONS ET SOINS EXTERNES (CMU + AME)
1955;PARTICIPATION ASSURE CONSULTATIONS ET SOINS EXTERNES (REGIME LOCAL)
1956;PARTICIPATION ASSURE EN AMBULATOIRE
1960;SUPPLEMENT DEROGATOIRE SMG SUR ACTE PROFESSIONNEL NON REMBOURSABLE (CNMSS)
1961;SUPPLEMENT DEROGATOIRE SMG SUR ACTE PROFESSIONNEL REMBOURSABLE (CNMSS)
1971;FRANCHISE HORS TIERS PAYANT SUR MEDICAMENT
1972;FRANCHISE TIERS PAYANT SUR MEDICAMENT
1973;FRANCHISE HORS TIERS PAYANT SUR TRANSPORT
1974;FRANCHISE TIERS PAYANT SUR TRANSPORT
1975;FRANCHISE HORS TIERS PAYANT ACTE D'AUXILIAIRE MEDICAUX
1976;FRANCHISE TIERS PAYANT ACTE D'AUXILIAIRE MEDICAUX
1977;PARTICIPATION ASSURE HORS TIERS PAYANT TRANSMISE SANS ACTE DE REFERENCE OU TYPE DE FRANCHISES
1978;PARTICIPATION ASSURE EN TIERS PAYANT TRANSMISE SANS ACTE DE REFERENCE OU TYPE DE FRANCHISES
1981;FORFAIT IVG HONORAIRES DE VILLE
1991;REMUNERATION REGULATION
1992;PERMANENCE REMUNERATION DE NUIT
1993;PERMANENCE REMUNERATION MILIEU DE NUIT
1994;PERMANENCE REMUNERATION DIMANCHE ET FERIE
1995;PERMANENCE REMUNERATION TOTAL
1996;PERMANENCE REMUNERATION SAMEDI MATIN
1997;PERMANENCE REMUNERATION SAMEDI APRES MIDI
2111;FRAIS D HEBERGEMENT ET ENVIRONNEMENT EN GHS
2112;FRAIS DE SEJOUR SUPPLEMENTAIRE AU GHS
2113;GROUPE HOMOGENE DE TARIFS
2114;SUPPLEMENT SOINS PARTICULIEREMENT COUTEUX (ARRETE DU 29/06/1978)
2115;SUPPLEMENT SOINS CONTINUS
2116;SUPPLEMENT NEONATOLOGIE 1
2117;SUPPLEMENT NEONATOLOGIE 2
2118;SUPPLEMENT NEONATOLOGIE 3
2120;DIFFERENTIEL TARIFAIRE CLINIQUE
2121;HEMODIALYSE EN CENTRE OU EN UNITE DE DIALYSE MEDICALISEE
2122;AUTODIALYSE SIMPLE OU ASSISTEE
2123;ENTRAINEMENT A L HEMODIALYSE A DOMICILE ET A L AUTODIALYSE
2124;ENTRAINEMENT A LA DPA
2125;ENTRAINEMENT A LA DPCA
2126;HEMODIALYSE A DOMICILE
2127;DIALYSE PERITONEALE AUTOMATISEE (DPA)
2128;DIALYSE PERITONEALE CONTINUE AMBULATOIRE (DPCA)
2129;FORFAIT D'HEMODIALYSE EN CENTRE
2131;FORFAIT D HEMODIALYSE EN CENTRE POUR ENFANT
2132;FORFAIT D HEMODIALYSE EN UNITE DE DIALYSE MEDICALISEE
2133;DIALYSE TIERCE PERSONNE
2134;FORFAIT D AUTODIALYSE SIMPLE
2135;FORFAIT D AUTODIALYSE ASSISTEE
2136;FORFAIT D HEMODIALYSE A DOMICILE
2137;FORFAIT DE DIALYSE PERITONEALE AUTOMATISEE (DPA)
2138;FORFAIT DE DIALYSE PERITONEALE CONTINUE AMBULATOIRE (DPCA)
2139;FORFAIT D ENTRAINEMENT A L HEMODIALYSE A DOMICILE ET AUTODIALYSE
2140;FORFAIT D ENTRAINEMENT A LA DIALYSE PERITONEALE AUTOMATISEE
2141;FRAIS DE CHAMBRE PARTICULIERE POUR CONVENANCE PERSONNELLE
2142;FORFAIT D ENTRAINEMENT A DIALYSE PERITONEALE CONTINUE AMBULATOIRE
2143;FF D ENTRAINEMENT A LA DIALYSE PERITONEALE AUTOMATISEE A DOMICILE
2144;FF D ENTRAINEMENT A LA DIALYSE PERITONEALE CONTINUE AMBULATOIRE A DOMICILE
2145;FORFAIT DE DIALYSE PERITONEALE AUTOMATISE POUR HOSPITALISATION DE 3 A 6 JOURS
2146;FORFAIT DE DIALYSE PERITONEALE CONTINUE AMBULATOIRE POUR HOSPITALISATION DE 3 A 6 JOURS
2147;FORFAIT D'ENTRAINEMENT A L'HEMODIALYSE EN UNITE DE DIALYSE MEDICALISEE
2150;VIDEOCAPSULE
2151;SUPPLEMENT REANIMATION
2152;SUPPLEMENT SURVEILLANCE CONTINUE
2153;FORFAIT SOINS INTENSIFS
2154;REANIMATION PEDIATRIQUE
2155;FORFAIT ENVIRONNEMENT HOSPITALIER 1
2156;FORFAIT ENVIRONNEMENT HOSPITALIER 2
2157;FORFAIT ENVIRONNEMENT HOSPITALIER 3
2158;FORFAIT ENVIRONNEMENT HOSPITALIER 4
2159;FORFAIT DE SECURITE DERMATOLOGIQUE
2161;FORFAIT MISSION D INTERET GENERAL D AIDE A LA CONTRACTUALISATION
2162;FORFAIT HAUTE TECHNICITE
2163;SUPPLEMENT JOURNALIER DIALYSE PERITONEALE
2164;ADMINISTRATION DE PRODUITS ET PRESTATIONS EN ENVIRONNEMENT HOSPITALIER
2170;FIR ETS PRIVES
2171;DIFFERENTIEL TARIFAIRE AME
2172;DIFFERENTIEL TARIFAIRE MIGRANTS
2181;PRELEVEMENT D ORGANE 1
2182;PRELEVEMENT D ORGANE 2
2183;PRELEVEMENT D ORGANE 3
2184;COORDINATION PRELEVEMENT D ORGANES
2185;PRELEVEMENT D ORGANE 4
2186;PRELEVEMENT D'ORGANE 5
2187;PRELEVEMENT D'ORGANE 6
2188;PRELEVEMENT D'ORGANE 7
2189;PRELEVEMENT D'ORGANE 8
2190;PRELEVEMENT D'ORGANE 9
2191;PRELEVEMENT D'ORGANE
2195;SUPPLEMENT ANTEPARTUM
2196;SUPPLEMENT RADIOTHERAPIE PEDIATRIQUE
2201;BUDGET GLOBAL
2202;MEDICALISATION DES PERSONNES AGEES
2203;SSAD : SERVICE DE SOINS A DOMICILE
2204;CAMSP: CENTRE ACTION MEDICO-SOCIALE PRECOCE
2205;CCAA : CENTRE DE CURE AMBULATOIRE EN ALCOOLOGIE
2206;VIH
2211;FRAIS DE SEJOUR
2212;MAJORATION PMSI
2213;FRAIS DE SEJOUR IME
2214;SUPPLEMENT DEROGATOIRE SMG SUR PRESTATION SEJOUR NON REMBOURSABLE (CNMSS)
2215;SUPPLEMENT DEROGATOIRE SMG SUR PRESTATION SEJOUR REMBOURSABLE (CNMSS)
2221;SUPPLEMENT CHAMBRE PARTICULIERE
2222;SUPPLEMENT POUR SURVEILLANCE DU MALADE
2223;FRAIS D HOSPITALISATION DU NOUVEAU-NE DONNANT LIEU A FACTURATION EN SUPPLEMENT DE L HOSPITALISATION DE LA MERE EN MAISON DE REPOS
2224;SUPPLEMENT POUR CHAMBRE CHAUDE
2225;SUPPLEMENT POUR INCUBATEUR
2226;SUPPLEMENT POUR CHAMBRE PLOMBEE
2227;SUPPLEMENT POUR ALIMENTATION PARENTERALE
2229;FORFAIT PRISE EN CHARGE DU NOUVEAU NE
2231;FORFAIT PHARMACEUTIQUE
2232;FORFAIT TRANSPLANTATION D ORGANE
2234;FORFAIT D ENTREE
2235;FORFAIT D ACTIVITE NON PROGRAMMEE
2236;FORFAIT CONSOMMABLE CARDIOLOGIE
2237;PART COMPLEMENTAIRE AIDE MEDICALE ETAT (REGULARISATION CMU COMPLEMENTAIRE)
2238;FORFAIT D ACCUEIL ET DE TRAITEMENT DES URGENCES
2239;FORFAIT ANNUEL D URGENCE
2240;TARIF JOURNALIER COMPLEMENTAIRE
2241;FRAIS DE SALLE D OPERATION
2242;FRAIS D ANESTHESIE ET REANIMATION
2243;FRAIS D ENVIRONNEMENT
2245;FRAIS DE SALLE D ACCOUCHEMENT
2246;FRAIS DE SALLE D ACCOUCHEMENT MULTIPLE
2247;FORFAIT PSYCHIATRIE DE SECURITE - HOSPITALISATION AVEC HEBERGEMENT
2250;FORFAIT JOURNALIER AIDE MEDICALE (REGULARISATION CMU COMPLEMENTAIRE)
2251;FORFAIT JOURNALIER
2252;FORFAIT JOURNALIER DE SORTIE
2257;FJ TRANSPLANTATION ORGANES
2258;FORFAIT DE SOINS JOURNALIER
2259;SAISIE MANUELLE DES SEJOURS POUR LEQUELS LE FJ EST SUPERIEUR AU TM
2261;FORFAIT ACCUEIL DU PATIENT N 1
2262;FORFAIT ACCUEIL DU PATIENT N 2
2271;FORFAIT HPT GROUPE 1
2272;FORFAIT HPT GROUPE 1.2
2273;FORFAIT HPT 15 %
2274;FORFAIT HPT GROUPE 2 + FAS1
2275;FORFAIT HPT GROUPE 2 + FAS2
2282;PARTICIPATION ASSURE TRANSITOIRE
2283;PARTICIPATION ASSURE HOSPITALISATION PUBLIQUE (CMU + AME)
2284;PARTICIPATION ASSURE HOSPITALISATION PUBLIQUE (REGIME LOCAL)
2285;PARTICIPATION ASSURE SUR SEJOUR
2311;FORFAIT DE SEANCE DE SOINS SANS OXYGENE
2312;FORFAIT POUR INSUFFISANCE RESPIRATOIRE AVEC OXYGENE EXTRACTEUR
2313;FORFAIT POUR INSUFFISANCE RESPIRATOIRE AVEC OXYGENE BOUTEILLE
2314;FORFAIT POUR INSUFFISANCE RESPIRATOIRE AVEC OXYGENE LIQUIDE
2315;APPAREILLAGE VENTILATION PRESSION POSITIVE CONTINUE
2321;FORFAIT - LONG SEJOUR PERSONNES AGEES
2331;RADIUMTHERAPIE ET CHIMIOTHERAPIE
2332;READAPTATION FONCTIONNELLE
2333;REEDUCATION PROFESSIONNELLE
2334;SEANCE D HEMODIALYSE
2335;FORFAIT DE PANSEMENT
2336;FORFAIT POUR CONSULTATION EN CENTRE MEDICO-PSYCHO PEDAGOGIQUE
2337;SEANCE DE DIAGNOSTIC
2338;FORFAIT PETIT MATERIEL
2339;AUTRES FORFAITS DIVERS (Y COMPRIS NUTRITION ENTERALE A DOMICILE)
2341;SUPPLEMENT AU FORFAIT CHIMIOTHERAPIE
2342;FORFAIT POUR GARDE DE DEBUT DE NUIT EN ETABLIS. PRIVE
2343;FORFAIT POUR GARDE DE NUIT OU SAMEDI APRES MIDI EN ETABLIS. PRIVE
2344;FORFAIT DE GARDE NUIT ET FERIE EN ETABLIS. PRIVE
2345;FORFAIT POUR ASTREINTE DE DEBUT DE NUIT EN ETABLIS. PRIVE
2346;FORFAIT POUR ASTREINTE DE NUIT OU SAMEDI APRES MIDI EN ETABLIS. PRIVE
2347;FORFAIT D'ASTREINTE NUIT ET FERIE EN ETABLIS. PRIVE
2351;FORFAIT TECHNIQUE NORMAL IRMN -SCANNERS
2352;FORFAIT TECHNIQUE REDUIT IRMN -SCANNERS
2353;FORFAIT TECHNIQUE SCANNER (SPP expo amiante)
2354;FORFAIT TECHNIQUE TOMOGRAPHIE
2355;FORFAIT CONCOMMABLE MEDECINE NUCLEAIRE 01
2356;FORFAIT CONSOMMABLE MEDECINE NUCLEAIRE 02
2357;FORFAIT CONSOMMABLE MEDECINE NUCLEAIRE 03
2358;FORFAIT CONSOMMABLE MEDECINE NUCLEAIRE 04
2359;FORFAIT CONSOMMABLE MEDECINE NUCLEAIRE 05
2360;FORFAIT CONSOMMABLE MEDECINE NUCLEAIRE 06
2361;FORFAIT CONSOMMABLE MEDECINE NUCLEAIRE 07
2362;FORFAIT CONSOMMABLE MEDECINE NUCLEAIRE 08
2363;FORFAIT CONSOMMABLE MEDECINE NUCLEAIRE 09
2364;FORFAIT CONSOMMABLE MEDECINE NUCLEAIRE 10
2365;FORFAIT CONSOMMABLE MEDECINE NUCLEAIRE 11
2366;FORFAIT CONSOMMABLE MEDECINE NUCLEAIRE 12
2367;FORFAIT CONSOMMABLE MEDECINE NUCLEAIRE 13
2368;FORFAIT CONSOMMABLE MEDECINE NUCLEAIRE 14
2369;FORFAIT CONSOMMABLE MEDECINE NUCLEAIRE 15
2371;TARIF SOINS GIR 1 ET 2
2372;TARIF SOINS GIR 3 ET 4
2373;TARIF SOINS GIR 5 ET 6
2380;FORFAIT PSYCHIATRIE SEANCE COLL, 1 INTERVENANT 3 a 4H
2381;FORFAIT PSYCHIATRIE SEANCE IND, 1 INTERVENANT 3 a 4H
2382;FORFAIT PSYCHIATRIE SEANCE COLL, 2 INTERVENANTS 3 a 4H
2383;FORFAIT PSYCHIATRIE SEANCE IND. 2 INTERVENANTS 3 a 4H
2384;FORFAIT PSYCHIATRIE SEANCE COLL, 1 INTERVENANT 6 a 8H
2385;FORFAIT PSYCHIATRIE SEANCE IND. 1 INTERVENANT 6 a 8H
2386;FORFAIT PSYCHIATRIE SEANCE COLL, 2 INTERVENANT 6 a 8H
2387;FORFAIT PSYCHIATRIE SEANCE IND. 2 INTERVENANTS 6 a 8H
2388;FORFAIT PSYCHIATRIE DE SECURITE HOSPITALISATION SANS HEBERGEMENT
2389;PRISE EN CHARGE DE NUIT POUR UNE DUREE ENTRE 8 ET 12H
2391;FORFAIT TECHNIQUE TARIF REDUIT N?2
2392;FORFAIT TECHNIQUE TARIF REDUIT N?3
2411;INTERVENTION IVG
2412;ANESTHESIE GENERALE
2413;INVESTIGATIONS BIOLOGIQUES
2414;CONSULTATION IVG
2415;MEDICAMENTS: MIFEYGINE
2416;MEDICAMENTS: PROSTAGLANDINES
2417;VERIFICATION BIOLOGIQUE
2418;VERIFICATION ECHOGRAPHIQUE
2419;FORFAIT INTERVENTION AMBULATOIRE
2420;FORFAIT INTERVENTION DUREE < OU = 12 H PRIVE MEDIC
2421;INTERVENTION + ANESTHESIE AMBULATOIRE
2422;FORFAIT POUR IVG MEDICAMENTEUSE
2423;FORFAIT INTERVENTION AVEC NUITEE
2424;INTERVENTION + ANESTHESIE AVEC NUITEE
2425;FORFAIT IVG POUR 24H SUPPLEMENTAIRES - SECTEUR PRIVE/SECTEUR PUBLIC
2426;CONSULTATION IVG SPECIALISTE
2501;FORFAIT FIR PDSES PUBLIQUE
2502;FORFAIT FIR CENTRE DEPISTAGE ANONYME ET GRATUIT
2503;FORFAIT FIR CENTRE PERINATAUX DE PROXIMITE
2504;FORFAIT FIR EDUCATION THERAPEUTIQUE
3110;CONTRAT INCITATIF INFIRMIER
3111;ACTES EN AMI
3112;ACTES INFIRMIERS DE SOINS (AMI3-AMI13,AMI16)
3113;ACTES INFIRMIERS DES SAGES-FEMMES (SFI)
3114;PLAN DE SOINS INFIRMIER
3115;DEMARCHE INFIRMIER
3116;MAJORATION POUR ACTE UNIQUE
3117;MAJORATION DE COORDINATION ET D'ENVIRONNEMENT DE SOIN INFIRMIER
3118;REMUNERATION VACCINATION GRIPPE A PAR INFIRMIERS LIBERAUX
3119;REMUNERATION VACCINATION GRIPPE A PAR INFIRMIER RETRAITE OU SALARIE HORS OBLIGATIONS
3121;ACTES AMC
3122;ACTES EN AMK
3124;BILAN DE KINESITHERAPIE
3125;ACTES DE KINESITHERAPIE OSTEO-ARTICULAIRE
3126;CONTRAT DEMOGRAPHIQUE KINE
3131;ACTES DES PEDICURES
3132;ACTES DES ORTHOPHONISTES
3133;ACTES DES ORTHOPTISTES
3134;ACTE DE PEDICURE-PODOLOGUE (DIABETIQUE)
3139;CONTRAT INCITATIF ORTHOPHONISTE
3211;ACTES DE BIOLOGIE
3212;ACTES D ANATOMO-CYTO-PATHOLOGIE EN LABORATOIRE
3214;ACTES EN BR
3215;ANALYSE DEPISTAGE CANCER DE L'UTERUS
3221;PRELEVEMENT AUTRE QUE SANGUIN PAR UN DIRECTEUR DE LABORATOIRE
3222;PRELEVEMENT SANGUIN PAR UN DIRECTEUR DE LABORATOIRE
3223;PRELEVEMENT SANGUIN PAR UN TECHNICIEN DE LABORATOIRE
3224;PRELEVEMENT DEPISTAGE CANCER DE L'UTERUS
3225;PRELEVEMENT PAR PONCTION VEINEUSE DIRECTE POUR UN MEDECIN BIOLOGISTE
3311;PHARMACIE 100%
3312;PHARMACIE PH4
3313;PHARMACIE 65%
3314;HORMONE DE CROISSANCE
3315;MEDICAMENTS ANTIRETROVIRAUX
3316;MEDICAMENTS D EXCEPTION
3317;PHARMACIE HOSPITALIERE A 100%
3318;PHARMACIE HOSPITALIERE A 65%
3319;PHARMACIE HOSPITALIERE
3320;PHARMACIE HOSPITALIERE EN SUS DU GHS
3321;FORFAIT PHARMACEUTIQUE EN MATERNITE
3322;MAJORATION POUR ACHAT HORS HEURES OUVRABLES
3323;COPIE D ORDONNANCE
3324;ECART MEDICAMENT INDEMNISABLE
3325;MAJORATION PHARMACIE DES ILES
3326;PREPARATION MAGISTRALE REMBOURSABLE
3327;PREPARATION MAGISTRALE HOMEOPATHIQUE
3328;MEDICAMENTS HOMEOPATHIQUES UNITAIRES
3329;FORFAIT MEDICAMENT IVG VILLE
3331;VACCIN ANTI-GRIPPE
3332;VACCIN ROR
3333;ANTI PALUDEEN
3341;PHARMACIE 15%
3342;PREPARATION MAGISTRALE ALLOPATHIQUE 15 %
3343;PREPARATION MAGISTRALE ALLOPATHIQUE
3351;MEDICAMENT AVEC UNE AUTORISATION TEMPORAIRE D'UTILISATION
3352;PREPARATION MAGISTRALE HOSPITALIRE
3353;PREPARATION HOSPITALIERE
3354;MEDICAMENT AVEC AUTORISATION D'IMPORTATION
3355;MARGE FORFAITAIRE (MEDICAMENTS HOSPITALIERS)
3356;PHARMACIE HOSPITALIERE DEROGATOIRE
3357;PHARMACIE HOSPITALIERE MMH
3361;GARDE PHARMACIE NUIT
3362;GARDE PHARMACIE FERIE
3363;GARDE PHARMACIE DIMANCHE
3371;FORFAIT GRIPPE AVIAIRE (TAMIFLU)
3372;FORFAIT GRIPPE AVIAIRE (OSELTAMIVIR)
3373;FORFAIT GRIPPE AVIAIRE (RELENZA)
3374;KIT ANTI-GRIPPE
3375;REMUNERATION PHARMACIENS POUR VACCINS H1N1
3380;HONO DISP COMP
3381;PREPARATION PHARMACEUTIQUE INDIVIDUALISEE (ALLERGENES)
3382;PRISE EN CHARGE DEROGATOIRE PHARMACIE
3383;HONO DISP 1
3384;HONO DISP 2
3385;HONO DISP 4
3386;HONO DISP 7
3387;HONO DISP GC 1
3388;HONO DISP GC 2
3389;HONO DISP GC 4
3390;HONO DISP GC 7
3391;REMU OBJECTIF - PHARMACIEN
3392;REMU OBJECTIF - PHARMACIEN COMPLEMENT
3393;ROSP AVK
3394;ROSP AVK COMPLEMENT
3395;Plan personnalise de sante pharmacie
3399;REMUNERATION PHARMACIENS POUR VACCINS H1N1 - REGULARISATION COMPTABLE ET SAISIE MANUELLE
3411;SANG,PLASMA ET LEURS DERIVES
3412;TRANSPORT DU PRODUIT
3413;LAIT HUMAIN
3414;AUTRES PRODUITS D ORIGINE HUMAINE
3511;APPAREILS D ASSISTANCE RESPIRATOIRE,OXYGENOTHERAPIE A DOMICILE
3512;AUTRES MATERIELS POUR TRAITEMENTS A DOMICILE (CHAP. 1)
3513;MATERIELS ET APPAREILS DE CONTENTION ET DE MAINTIEN (CHAP. 2)
3514;MATERIELS ET APPAREILS POUR TRAITEMENTS DIVERS (CHAP. 3)
3515;ARTICLES DE PANSEMENTS (CHAP. 4)
3516;NUTRIMENTS POUR INTOLERANTS AU GLUTEN (CHAP. 3)
3517;ALIMENTS DESTINES A DES FINS MEDICALES
3518;APPAREIL GENERATEUR D AEROSOL
3521;ORTHESES (PETIT APPAREILLAGE) (CHAP. 1)
3522;DIVERS ORTHESES
3523;FORFAIT MONTURE MOINS DE 18 ANS CMU
3524;FORFAIT OPTIQUE ENFANT -A- MULTIFOCAUX (CMU)
3525;FORFAIT OPTIQUE ENFANT -B- MULTIFOCAUX (CMU)
3526;FORFAIT OPTIQUE -N? 6 MULTIFOCAUX (CMU)
3527;FORFAIT OPTIQUE -ENFANT-N? 1 UNIFOCAUX (CMU)
3528;FORFAIT OPTIQUE -ENFANT-N? 2 UNIFOCAUX (CMU)
3529;FORFAIT OPTIQUE -ENFANT-N? 3 UNIFOCAUX (CMU)
3530;FORFAIT OPTIQUE -ENFANT-N? 4 UNIFOCAUX (CMU)
3531;OPTIQUE MEDICALE PROPREMENT DIT
3532;MONTURE/LUNETTE POUR ENFANT DE - DE 18 ANS CRPCEN (HORS CODAGE LPP)
3533;VERRES
3534;REPARATION
3535;LENTILLES
3536;VERRES UNIFOCAUX OP1 (CMU)
3537;VERRES UNIFOCAUX OP2 (CMU)
3538;VERRES UNIFOCAUX OP3 (CMU)
3539;VERRES UNIFOCAUX OP4 (CMU)
3541;APPAREILS ELECTRONIQUES DE SURDITE (CHAP 3.)
3542;PROTHESES EXTERNES NON ORTHOPEDIQUES (CHAP. 4)
3543;PROTHESES OCULAIRES ET FACIALES (CHAP. 5)
3544;CHAUSSURES ORTHOPEDIQUES (CHAP. 6)
3545;ORTHOPROTHESES (CHAP 7.)
3546;ACCESSOIRES DE PROTHESES ET D ORTHOPEDIE (CENTRES D APPAR.) (CHAP.8)
3547;APPAREILS ELECTRONIQUES DE SURDITE (CONSOMMABLES Y.C. PILES)
3548;ORTHOPROTHESES COUTEUSES
3551;IMPLANT INTERNE (CHAP. 1, 2 ET 3)
3552;IMPLANT MU PAR ELECTRICITE (CHAP. 4)
3553;FORFAIT OPTIQUE -ENFANT-N? 5 UNIFOCAUX (CMU)
3554;FORFAIT OPTIQUE -ENFANT-N? 6 UNIFOCAUX (CMU)
3555;FORFAIT OPTIQUE -ENFANT-N? 7 UNIFOCAUX (CMU)
3556;FORFAIT OPTIQUE -ENFANT-N? 8 UNIFOCAUX (CMU)
3557;FORFAIT OPTIQUE -ENFANT-N? 9 UNIFOCAUX (CMU)
3561;VEHICULES POUR HANDICAPES PHYSIQUES
3571;FRAIS DE GESTION APPAREILLAGE
3572;ECART TIPS INDEMNISABLE
3573;FOURNITURE ET EQUIPEMENT DEROGATOIRES
3574;DISPOSITIF MEDICAL (PRISE EN CHARGE EXCEPTIONNELLE)
3575;COMPLEMENT AT 150% LPP
3576;PRESTATION PARTICULIERE ET PANDEMIE
3581;VERRES UNIFOCAUX OP5(CMU)
3582;VERRES UNIFOCAUX OP6(CMU)
3583;MONTURE (CMU)
3591;PRISE EN CHARGE DEROGATOIRE LPP
3610;SUPPLEMENT DEROGATOIRE SMG SUR PRESTATION PHARMACIE NON REMBOURSABLE (CNMSS)
3611;SUPPLEMENT DEROGATOIRE SMG SUR PRESTATION SANITAIRE NON REMBOURSABLE (CNMSS)
3612;SUPPLEMENT DEROGATOIRE SMG SUR PRESTATION SANITAIRE REMBOURSABLE (CNMSS)
4111;FORFAIT DE SURVEILLANCE MEDICALE 1ER HANDICAP
4112;FORFAIT DE SURVEILLANCE MEDICALE REDUIT 2EME HANDICAP
4113;PRATIQUES MEDICALES COMPLEMENTAIRES COTEES EN K
4114;COMPLEMENT SURVEILLANCE THERMALE
4121;FORFAITS EN ETABLISSEMENT (DATE FIN 12/98)
4122;SUPPLEMENTS THERMAUX 1ER HANDICAP (DATE FIN 12/98)
4123;SUPPLEMENTS THERMAUX 2EME HANDICAP (DATE FIN 12/98)
4131;FRAIS DE TRANSPORT - CURES THERMALES
4132;FRAIS D HOTEL - CURES THERMALES
4141;FORFAIT THERMAL 1
4142;FORFAIT THERMAL 2 AVEC KINESITEHRAPIE
4143;FORFAIT THERMAL 2EME ORIENTATION
4144;FORFAIT THERMAL 3 AVEC 9 SEANCES KINESITHERAPIE
4145;FORFAIT THERMAL 72 SEANCES AVEC KINE
4151;FORFAIT THERMAL 18 SEANCES COLLECTIVES
4152;FORFAIT THERMAL 18 SEANCES INDIVIDUELLES
4153;FORFAIT THERMAL 9 SEANCES COLLECTIVES
4154;FORFAIT THERMAL 9 SEANCES INDIVIDUELLES
4210;Taxi tarif A
4211;SERVICES MOBILES D URGENCE ET DE REANIMATION (SMUR)
4212;AMBULANCES AGREEES
4213;VEHICULES SANITAIRES LEGERS (VSL)
4214;TAXIS
4215;VEHICULES PERSONNELS
4216;TRANSPORT REEDUCATION PROFESSIONNEL
4217;Taxi tarif B
4218;Taxi tarif C
4219;AUTRES MODES DE TRANSPORT
4220;Taxi tarif D
4221;AMBULANCE AGREEE DE GARDE
4222;INDEMNITE DE GARDE AMBULANCIERE
4223;PART ASSOCIATION TRANSPORTEUR
4224;PRATIQUE DE GEO LOCALISATION PAR DISPOSITIF EMBARQUE
4225;FORFAIT TRANSPORT PARTAGE PAR 2 PERSONNES
4226;FORFAIT TRANSPORT PARTAGE PAR 3 PERSONNES
4227;CONTRAT D'AMELIORATION DE LA QUALITE ET DE LA COORDINATION DES SOINS
4228;CONTRAT D'AMELIORATION DE LA QUALITE ET DE LA COORDINATION DES SOINS COMPLEMENT
4229;Taxi tarif F
4311;FRAIS DE DEPLACEMENT - ENQU'TE LEGALE AT
4312;FRAIS DE DEPLACEMENT - COLLEGE 3 MEDECINS
4313;HONORAIRES
4314;ENQUETE
4315;AUTOPSIE
4316;EXPERTISE
4317;HONRAIRE COMITE REGIONAL RECONNAISANCE MP
4318;DEPLACEMENT COMITE REGIONAL RECONNAISSANCE MP
4319;DEPLACEMENT PERSONNE ENTENDUE (CRRMP)
4320;AVIS SAPITEUR
4321;FRAIS FUNERAIRES
4322;TRANSPORT DU CORPS
4323;INDEMNITE ALLOUEE EN REPARATION DES PREJUDICES EXTRA-PATRIMOMIAUX
4324;INDEMNITE DE CHANGEMENT D EMPLOI
4325;INDEMNITE COMPLEMENTAIRE POUR REEDUCATION PROFESSIONNELLE
4326;PRETIUM PULCHRITUDINIS
4327;PRETIUM SEXUALE
4328;PREJUDICE D'AGREMENT
4329;PREJUDICE PERTE OU DIMINUTION PROMOTION PROFESSIONNELLE
4330;PREJUDICES EXTRA PATRIMONIAUX - HORS IV
4331;REMBOURSEMENTS DE SOINS A L ETRANGER (ET1 A ET6 ET ET8 A ET9, ETB ETA, ETH, ETT, ETP, ETX )
4332;PREJUDICE AMIANTE
4339;REMBOURSEMENT DE SOINS
4341;FRAIS DE TUTELLE
4342;COTISATIONS A.T. EN CAS DE READAPTATION FONCTIONNELLE
4343;COTISATIONS A.T. EN CAS DE REEDUCATION PROFESSIONNELLE
4351;PRIME DE FIN DE REEDUCATION
4352;AUTRES PRESTATIONS DIVERSES
4353;INDEMNITE POUR PERTE DE SALAIRE (MALADIE, AT)
4359;FORFAIT UTILISATION DES TELESERVICES
4360;FORFAIT PARTICIPATION A LA TELETRANSMISSION
4361;FACTURATION FEUILLE DE SOINS (POUR INFORMATION)
4362;ASTREINTE MEDECIN (POUR INFORMATION)
4363;AIDE A LA FACTURATION FEUILLE DES FLUX NON SECURISES
4364;AIDE MAINTENANCE TELETRANSMISSION
4365;AIDE PORTABLE TELETRANSMISSION
4366;AIDE DEMARRAGE TELETRANSMISSION
4367;AIDE ADHESION RAPIDE DISPOSITIF
4368;FORFAIT STRUCTURE CENTRE DE SANTE
4369;FORFAIT PROFESSIONNEL DE SANTE CENTRE DE SANTE
4370;FORFAIT D'INCITATION FORFAITAIRE A LA NUMERISATION ET A LA TRANSMISSION
4371;FORFAIT DE SOINS MEDICALISES (REGIME DES MINISTRES DES CULTES ET DES MEMBRES CONGR. ET COLL.RELIGIEUSES)
4372;FORFAIT REPOS CONVALESCENCE (REGIME DES MINISTRES DES CULTES ET DES MEMBRES CONGR. ET COLL.RELIGIEUSES)
4373;EXAMEN DE SANTE
4375;AIDE OUTIL DE MISE A JOUR
4376;LIGNE TELEPHONIQUE DEDIEE
4377;PIED SUPPORT MATERIEL
4378;SUPPLEMENT OFFICINE DOM
4381;ACTES NON NOMENCLATURE
4382;PHARMACIE NON REMBOURSABLE
4391;RESPONSABILITE CIVILE PROFESSIONNELLE
4392;RESPONSABILITE CIVILE ECHOGRAPHIE OBSTETRICALE
4393;RESPONSABILITE CIVILE CHIRURGIE 1
4394;RESPONSABILITE CIVILE CHIRURGIE 2
4395;RESPONSABILITE CIVILE ANESTHESIE REANIMATION
4396;PRIME RESPONSABILITE SPECIALISTE
4397;PRIME ACCREDITATION SPECIALISTE
4411;AIDE SOCIALE
4412;DISPENSAIRES ANTITUBERCULEUX
4413;DISPENSAIRES ANTIVENERIENS
4414;HYGIENE MENTALE
4415;ETABLISSEMENTS DE LUTTE CONTRE LA TUBERCULOSE
4416;PROTECTION MATERNELLE ET INFANTILE
4417;AUTRES PARTICIPATIONS FORFAITAIRES NON INDIVIDUALISEES
4419;AUTRES DEPENSES NON INDIVIDUALISEES
4501;CONTROLES MEDICAUX (CLERCS ET EMPLOYES DE NOTAIRES)
4511;CAPITAL DECES
4611;FORFAIT DIVERS PAYES A LA STRUCTURE DE SOINS (FILIERES ET RESEAUX)
4612;FORFAIT D EDUCATION THERAPEUTIQUE ET D INTERESSEMENT (FILIERES ET RESEAUX)
5101;FORFAIT VERRES UNIFOCAUX OP1
5102;FORFAIT VERRES UNIFOCAUX OP2
5103;FORFAIT VERRES UNIFOCAUX OP3
5104;FORFAIT VERRES UNIFOCAUX OP4
5105;FORFAIT VERRES UNIFOCAUX OP5
5106;FORFAIT VERRES UNIFOCAUX OP6
5107;FORFAIT MONTURE CMU
5108;TM DU FORFAIT MONTURE MOINS DE 18 ANS CMU
5109;TM DU FORFAIT OPTIQUE -ENFANT-N? 1 UNIFOCAUX (CMU)
5110;TM DU FORFAIT OPTIQUE -ENFANT-N? 2 UNIFOCAUX (CMU)
5111;TM DU FORFAIT OPTIQUE -ENFANT-N? 3 UNIFOCAUX (CMU)
5112;TM DU FORFAIT OPTIQUE -ENFANT-N? 4 UNIFOCAUX (CMU)
5113;TM DU FORFAIT OPTIQUE -ENFANT-N? 5 UNIFOCAUX (CMU)
5114;TM DU FORFAIT OPTIQUE -ENFANT-N? 6 UNIFOCAUX (CMU)
5115;TM DU FORFAIT OPTIQUE -ENFANT-N? 7 UNIFOCAUX (CMU)
5116;TM DU FORFAIT OPTIQUE -ENFANT-N? 8 UNIFOCAUX (CMU)
5117;TM DU FORFAIT OPTIQUE -ENFANT-N? 9 UNIFOCAUX (CMU)
5118;TM DU FORFAIT OPTIQUE ENFANT -A- MULTIFOCAUX (CMU)
5119;TM DU FORFAIT OPTIQUE ENFANT -B- MULTIFOCAUX (CMU)
5120;TM DU FORFAIT OPTIQUE -N? 6 MULTIFOCAUX (CMU)
5201;FORFAIT PROTHESE DENTAIRE ADJOINTE
5202;FORFAIT REPARATION PROTHESE ADJOINTE
5203;FORFAIT PROTHESE DENTAIRE CONJOINTE
5204;FORFAIT ORTHODONTIE
5205;FORFAIT PROTHESE CONJOINTE (CMU HORS PANIER DE SOINS)
5206;FORFAIT ORTHODONTIQUE (CMU HORS PANIER DE SOINS)
5301;FORFAIT TIPS
5401;FORFAIT AUDIO-PROTHESE
6011;CARENCE -
6012;CARENCE +
6013;IJ CARENCE (CRPCEN)
6014;COMPLEMENT IJ >PLAFOND (CRPCEN)
6110;IJ NORMALES + 6MOIS
6111;IJ NORMALES -3 MOIS
6112;IJ NORMALES +3MOIS
6113;IJ REDUITES -3MOIS
6114;IJ REDUITES +3MOIS
6115;IJ MAJOREES -3MOIS
6116;IJ MAJOREES +3MOIS
6117;IJ PARTIELLE, PERTE DE SALAIRE -3MOIS
6118;IJ PARTIELLE, PERTE DE SALAIRE +3MOIS
6119;IJ MAJOREES + 6 MOIS
6120;INDEMNITE TEMPORAIRE D'INAPTITUDE AT/MP
6121;IJ PRENATALES
6122;IJ POSTNATALES
6123;IJ EN CAS D ADOPTION
6124;IJ CONGE SUPPLEMENTAIRE PREMA
6131;IJ NORMALES POUR CURE THERMALE
6132;IJ MAJOREES POUR CURE THERMALE
6133;IJ REDUITES POUR CURE THERMALE
6191;INDEMNITE DE NOURRITURE
6212;IJ CONGE MATERNITE AU PERE
6213;INDEMNITE DE REMPLACEMENT PATERNITE
6221;ALLOCATION REPOS MATERNEL NORMAL
6222;ALLOCATION REPOS MATERNEL ADOPTION
6231;INDEMNITE MATERNITE NORMALE
6232;INDEMNITE MATERNITE EN CAS D ADOPTION
6233;INDEMNITE MATERNITE EN CAS D ETAT PATHOLOGIQUE
6234;INDEMNITE MATERNITE EN CAS DE NAISSANCES MULTIPLES
6235;INDEMNITE DE REMPLACEMENT CONJOINTE COLLABORATRICE
6236;INDEMNITE PATERNITE PAMC
6237;INDEMNITE PATERNITE CONJOINT PAMC
6238;INDEMNITES PATERNITE CONJOINT INFIRMIER
6241;ALLOCATION ACCOMPAGNEMENT FIN DE VIE CESSATION ACTIVITE TEMPS PLEIN
6242;ALLOCATION ACCOMPAGNEMENT FIN DE VIE CESSATION ACTIVITE REDUITE
6251;ALLOCATION NUIT NORMALE - 3 MOIS
6252;ALLOCATION NUIT NORMALE + 3 MOIS
6253;ALLOCATION NUIT MAJOREE 3 ENFANTS - 3 MOIS
6254;ALLOCATION NUIT MAJOREE 3 ENFANTS + 3 MOIS
6255;ALLOCATION NUIT MAJOREE ARRET + 6 MOIS
6256;ALLOCATION NUIT MAJOREE ARRET + 6 MOIS ET 3 ENFANTS
6257;ALLOCATION EXPOSITION NORMALE - 3 MOIS
6258;ALLOCATION EXPOSITION NORMALE + 3 MOIS
6261;ALLOCATION EXPOSITION MAJOREE 3 ENFANTS - 3 MOIS
6262;ALLOCATION EXPOSITION MAJOREE 3 ENFANTS + 3 MOIS
6263;ALLOCATION EXPOSITION ARRET + 6 MOIS
6264;ALLOCATION EXPOSITION ARRET + 6 MOIS ET 3 ENFANTS
6311;RDS IJ MATERNITE
6312;RDS ALLOC MATERNITE
7111;PENSION INVALIDITE AVANTAGES DE BASE
7112;PENSION INVALIDITE ALLOCATIONS SUPPLEMENTAIRES
7113;PENSION INVALIDITE MAJORATIONS POUR ASSISTANCE D UNE TIERCE PERSONNE
7119;PENSIONS D INVALIDITE SERVIES PAR LE REGIME SPECIAL DE SECURITE SOCIALE DANS LES MINES
7201;COMPLEMENT SOCIAL INVALIDITE (CRPCEN)
8111;RENTES DE VICTIME
8112;MAJORATIONS POUR ASSISTANCE D UNE TIERCE PERSONNE
8113;RENTES DE CONJOINT SURVIVANT
8114;RENTES DE REVERSION
8115;RENTES D ORPHELIN
8116;RENTES D ASCENDANT
8117;MAJORATION FAUTE INEXCUSABLE RENTE ASCENDANT
8118;MAJORATION FAUTE INEXCUSABLE RENTE VICTIME
8119;MAJORATION FAUTE INEXCUSABLE RENTE CONJOINT
8120;MAJORATION FAUTE INEXCUSABLE RENTE ORPHELIN
8121;PRESTATION COMPLEMENTAIRE POUR RECOURS A TIERCE PERSONNE
8221;MAJORATIONS CRISTALLISEES
8222;RACHAT OBLIGATOIRE
8223;RACHAT FACULTATIF TOTAL
8224;RACHAT FACULTATIF PARTIEL
8225;TRANSFERT DE CAPITAUX
8226;INDEMNITE EN CAPITAL ACCIDENT DU TRAVAIL
8227;MAJORATION FAUTE INEXCUSABLE INDEMNITE EN CAPITAL
9111;COMPLEMENT TICKET MODERATEUR
9112;COMPLEMENT FRAIS DE TRANSPORT ET DE SEJOUR
9113;FRAIS OCCASIONNE PAR LE DON D ORGANES
9114;COMPLEMENT AUX FRAIS D HOSPITALISATION DE LA MERE QUI ALLAITE SON ENFANT
9115;PERTE DE SALAIRE POUR ENFANT MALADE
9116;INDEMNITES JOURNALIERES MATERNITE POUR CERTAINES CATEGORIES D ASSURES
9118;FRAIS FUNERAIRES
9119;COMPLEMENT POUR CURE THERMALE
9121;COMPLEMENT TICKET MODERATEUR POUR ENFANT DE MOINS D UN AN
9122;ALLOCATION DECES
9123;COMPLEMENT MALADIES CHRONIQUES ET MAINTIEN A DOMICILE
9129;INDEMNITES COMPLEMENTAIRES EN REEDUCATION PROFESSIONNELLE
9131;INDEMNITE DE PERTE DE SALAIRE Y COMPRIS DIALYSE A DOMICILE
9132;FRAIS DE DEPLACEMENT EN CURE THERMALE
9133;FRAIS D HEBERGEMENT EN CURE THERMALE
9134;PRIME DE FIN DE REEDUCATION PROFESSIONNELLE
9135;AIDE FINANCIERE EXCEPTIONNELLE (SECOURS)
9141;MAJORATION LIEE A UNE VISITE D URGENCE
9142;MAJORATION LIEE A UN K D URGENCE
9143;SUPPLEMENT POUR SOINS AUX POLYTRAUMATISES
9144;HONORAIRES REMUNERANT LA PERMANENCE TELEPHONIQUE SUR LA BASE DE 3 C DE L HEURE (ASTREINTE)
9151;PLAN SEGUIN
9152;PLAN EVIN
9161;PRESTATIONS SUPPLEMENTAIRES ALSACE-MOSELLE
9162;SURVEILLANCE MEDICALE MATERNELLE EN ACTION SANITAIRE ET SOCIALE
9163;CENTRE EXAMEN SANTE SAISIE MANUELLE
9164;PRESTATIONS D ASS SNCF ET REGIME GENERAL
9165;PRESTATIONS D ASS SNCF ET REGIME GENERAL
9166;PRESTATIONS D ASS SNCF ET REGIME GENERAL
9167;PRESTATIONS D ASS SNCF ET REGIME GENERAL
9168;PRESTATIONS D ASS SNCF ET REGIME GENERAL
9169;PRESTATIONS D ASS SNCF ET REGIME GENERAL
9170;PRESTATIONS D ASS SNCF ET REGIME GENERAL
9191;TICKET MODERATEUR - PREVENTION BUCCO-DENTAIRE
9211;VACCIN (MILITAIRES)
9221;TEST DE DEPISTAGE RAPIDE (FOURNISSEUR)
9311;DEPISTAGE DU CANCER COLO-RECTAL
9312;DEPISTAGE DU CANCER DU SEIN (PREVENTION MALADIE)
9313;FRAIS DE LECTURE POUR MAMMOGRAPHIE
9318;ANALYSES DEPISTAGE CANCER UTERUS (PREVENTION MALADIE)
9319;PRELEVEMENTS DEPISTAGE CANCER UTERUS (PREVENTION MALADIE)
9411;CONSULTATION HYGIENE BUCCO-DENTAIRE
9412;HYGIENE BUCCO-DENTAIRE N91 (SCELLEMENT D UNE MOLAIRE)
9413;HYGIENE BUCCO-DENTAIRE N92 (SCELLEMENT DE DEUX MOLAIRES)
9414;HYGIENE BUCCO-DENTAIRE N93 (SCELLEMENT DE TROIS MOLAIRES)
9415;HYGIENE BUCCO-DENTAIRE N94 (SCELLEMENT DE QUATRE MOLAIRES)
9421;PREVENTION BUCCO-DENTAIRE: CONSULTATION
9422;PREVENTION BUCCO-DENTAIRE: RADIO DEUX CLICHES
9423;PREVENTION BUCCO-DENTAIRE: RADIO QUATRE CLICHES
9424;PREVENTION BUCCO-DENTAIRE: RADIO EN IMAGERIE NUMERISEE
9425;TM POUR DC (MSA)
9426;TM POUR SC(MSA)
9427;TM POUR Z(MSA)
9429;CAMPAGNE BUCCO DENTAIRE MOCALES
9430;TM DE L'ACTE DE VACCINATION GRIPPE A/H1N1
9431;PREVENTION ENTRETIEN DE SANTE
9432;TM DES INDEMNITES DE DEPLACEMENTS ID et MD
9433;TM DE LA RETINOPATHIE DIABETIQUE
9511;EXAMEN ET BILAN DE SANTE
9512;AUTRES ACTIONS COLLECTIVES DE PREVENTION
9521;ACTES DE PREVENTION
9522;AUTRES EXAMENS MALADIE A 50 %
9523;AUTRES EXAMENS MALADIE A 70 %
9524;PARADONTOPATHIES A 50 %
9525;PARADONTOPATHIES A 70 %
9526;CONDUITE ADDICTIVE TABAC A 50 %
9527;CONDUITE ADDICTIVE TABAC A 70 %
9528;CONDUITE ADDICTIVE DROGUE A 50 %
9529;CONDUITE ADDICTIVE DROGUE A 70 %
9530;CONDUITE ADDICTIVE ALCOOL A 50 %
9531;CONDUITE ADDICTIVE ALCOOL A 70 %
9532;NUTRITION A 50 %
9533;NUTRITION A 70 %
9534;CANCER A 50 %
9535;CANCER A 70 %
9536;LANGAGE ET AUDITION A 50 %
9537;LANGAGE ET AUDITION A 70 %
9538;CANCER DE COL DE L'UTERUS A 50 %
9539;CANCER DE COL DE L'UTERUS A 70 %
9540;DEPISTAGE MELANOME A 50 %
9541;DEPISTAGE MELANOME A 70 %
9542;DEPISTAGE CANCER THYROIDE A 50 %
9543;DEPISTAGE CANCER THYROIDE A 70 %
9544;DEPISTAGE CANCER POUMON A 50 %
9545;DEPISTAGE CANCER POUMON A 70 %
9546;AUTRES CANCERS A 50 %
9547;AUTRES CANCERS A 70 %
9548;DIABETE A 50 %
9549;DIABETE A 70 %
9550;PALUDISME A 50 %
9551;PALUDISME A 70 %
9552;AUTRES MALADIES TROPICALES A 50 %
9553;AUTRES MALADIES TROPICALES A 70 %
9554;OSTEODENSITOMETRIE A 50 %
9555;OSTEODENSITOMETRIE A 70 %
9556;AUTRES ACTES DE PREVENTION 1 A 50 %
9557;AUTRES ACTES DE PREVENTION 1 A 70 %
9558;AUTRES ACTES DE PREVENTION 2 A 50 %
9559;AUTRES ACTES DE PREVENTION 2 A 70 %
9560;AUTRES ACTES DE PREVENTION 3 A 50 %
9561;AUTRES ACTES DE PREVENTION 3 A 70 %
9562;AUTRES ACTES DE PREVENTION 4 A 50 %
9563;AUTRES ACTES DE PREVENTION 4 A 70 %
9564;AUTRES ACTES DE PREVENTION 5 A 50 %
9565;AUTRES ACTES DE PREVENTION 5 A 70 %
9566;TRAITEMENT NICOTINIQUE DE SUBSTITUTION
9567;REMUNERATION ADHESION SOPHIA (PREVENTION)
9568;REMUNERATION RENOUVELLEMENT SOPHIA (PREVENTION)
9569;RETOUR DOM. INSUFFISANT CARDIAQUE
9601;MUTUELLE CHAMBRE PARTICULIERE (CAVIMAC)
9602;FORFAIT DE SOINS INFIRMIERS MUTUELLE SECTEUR MEDICAL (CAVIMAC)
9603;FORFAIT DE SOINS INFIRMIERS MUTUELLE SECTEUR REPOS CONVALESCENCE (CAVIMAC)
9604;MUTUELLE LONG SEJOUR
9701;COMPLEMENT D ACTION SOCIALE APPAREIL DE SURDITE (CLERCS ET EMPLOYES DE NOTAIRES, PORT AUTONOME DE BORDEAUX)
9702;COMPLEMENT D ACTION SOCIALE BRIDGE (CLERCS ET EMPLOYES DE NOTAIRES)
9703;COMPLEMENT D ACTION SOCIALE DENTAIRE (CLERCS ET EMPLOYES DE NOTAIRES)
9704;COMPLEMENT D ACTION SOCIALE PROTHESES DENTAIRES (CLERCS ET EMPLOYES DE NOTAIRES, PORT AUTONOME DE BORDEAUX)
9705;COMPLEMENT D ACTION SOCIALE DENTAIRE ALSACE MOSELLE (CLERCS ET EMPLOYES DE NOTAIRES)
9706;COMPLEMENT D ACTION SOCIALE OPTIQUE (CLERCS ET EMPLOYES DE NOTAIRES)
9707;COMPLEMENT D ACTION SOCIALE OPTIQUE, ENFANT DE MOINS DE 16 ANS (CLERCS ET EMPLOYES DE NOTAIRES)
9708;COMPLEMENT D ACTION SOCIALE MONTURES (CLERCS ET EMPLOYES DE NOTAIRES, PORT AUTONOME DE BORDEAUX)
9709;COMPLEMENT D ACTION SOCIALE VERRES (CLERCS ET EMPLOYES DE NOTAIRES, PORT AUTONOME DE BORDEAUX)
9710;COMPLEMENT D ACTION SOCIALE LENTILLES (CLERCS ET EMPLOYES DE NOTAIRES, PORT AUTONOME DE BORDEAUX)
9711;PRIME DE LAYETTE (CLERCS ET EMPLOYES DE NOTAIRES)
9712;ALLOCATION VOYAGE DES ENFANTS A LA COLONIE DU PRARIAND (CLERCS ET EMPLOYES DE NOTAIRES)
9713;AIDE AUX SEJOURS DES ENFANTS (CLERCS ET EMPLOYES DE NOTAIRES)
9714;ALLOCATION VACANCES (CLERCS ET EMPLOYES DE NOTAIRES)
9715;AIDES FINANCIERES INDIVIDUELLES OPTIQUE
9716;ACTION SOCIALE DENTAIRE
9717;ACTION SOCIALE AUDITIF
9718;ACTION SOCIALE CURE THERMALE
9719;AIDES FINANCIERES INDIVIDUELLES HOSPITALISATION
9721;AIDES FINANCIERES INDIVIDUELLES DIFFICULTES FINANCIERES
9722;AIDES FINANCIERES INDIVIDUELLES AUTRES
9723;VACANCES RETRAITES (CLERCS ET EMPLOYES DE NOTAIRES)
9724;AIDE A LA SCOLARITE (CRPCEN)
9725;ACCUEIL JEUNE ENFANT (CRPCEN)
9731;COMPLEMENT A L'ACS
9732;AIDE A L'ACQUISITION D'UNE COUVERTURE COMPLEMENTAIRE POUR LES VICTIMES DU SEUIL ACS
9741;AIDES AU LOGEMENT
9742;AIDE A LA COMMUNICATION HORS AUDITIF
9743;AIDES A LA DEAMBULATION ET AU TRANSPORT
9744;AUTRES TYPES D AIDES
9751;FOURNITURES ET ACCESSOIRES NON REMBOURSABLES
9752;GARDES MALADES A DOMICILE
9761;AIDES FINANCIERES INDIVIDUELLES ORTHODONTIE
9762;AIDES FINANCIERES INDIVIDUELLES PHARMACIE/LPP
9763;AIDES FINANCIERES A CARACTERE SOCIAL AFFECTEES AU LOGEMENT
9764;AIDES FINANCIERES A CARACTERE SOCIAL AFFECTEES AUX BESOINS ALIMENTAIRES ET VESTIMENTAIRES
9765;AIDES FINANCIERES A CARACTERE SOCIAL AFFECTEES AUX FRAIS DE SCOLARISATION
9766;AIDES FINANCIERES A CARACTERE SOCIAL AFFECTEES AUX REGLEMENTS D'IMPOTS TAXES ET PRIMES
9767;AIDES FINANCIERES A CARACTERE SOCIAL D'ATTENTE DE VERSEMENT DE REVENUS DE SUBSTITUTION
9768;AIDES FINANCIERES A CARACTERE SOCIAL AFFECTEES AUX FRAIS D'OBSEQUES
9769;AIDES FINANCIERES A CARACTERE SOCIAL PALLIANT L'ABSENCE DE REVENUS
9771;AIDES PROTHESES AUDITIVES
9772;AIDES MENAGERES
9773;AIDES MENAGERES SORTIE D'HOSPITALISATION COORDONNEE
9774;ACTES FOURNITURES SORTIE D'HOSPITALISATION COORDONNEE
9775;AIDES MENAGERES PROGRAMME D'ACCOMPAGNEMENT APRES INTERVENTION ORTHOPEDIQUE
9776;ACTES FOURNITURES PROGRAMME D'ACCOMPAGNEMENT APRES INTERVENTION ORTHOPEDIQUE
9777;PHARMACIE NON REMBOURSABLE SOINS PALLIATIFS
9778;BILANS DE COMPETENCES ET REORIENTATION PROFESSIONNELLE
9801;CODES MIS A LA DISPOSITION DE LA SNCF
9802;CODES MIS A LA DISPOSITION DE LA SNCF
9803;CODES MIS A LA DISPOSITION DE LA SNCF
9804;CODES MIS A LA DISPOSITION DE LA SNCF
9805;CODES MIS A LA DISPOSITION DE LA SNCF
9806;CODES MIS A LA DISPOSITION DE LA SNCF
9807;CODES MIS A LA DISPOSITION DE LA SNCF
9808;CODES MIS A LA DISPOSITION DE LA SNCF
9809;CODES MIS A LA DISPOSITION DE LA SNCF
9810;CODES MIS A LA DISPOSITION DE LA SNCF
9811;CODES MIS A LA DISPOSITION DE LA SNCF
9812;CODES MIS A LA DISPOSITION DE LA SNCF
9813;CODES MIS A LA DISPOSITION DE LA SNCF
9814;CODES MIS A LA DISPOSITION DE LA SNCF
9815;CODES MIS A LA DISPOSITION DE LA SNCF
9816;CODES MIS A LA DISPOSITION DE LA SNCF
9817;CODES MIS A LA DISPOSITION DE LA SNCF
9818;CODES MIS A LA DISPOSITION DE LA SNCF
9819;CODES MIS A LA DISPOSITION DE LA SNCF
9820;CODES MIS A LA DISPOSITION DE LA SNCF
9821;CODES MIS A LA DISPOSITION DE LA SNCF
9822;CODES MIS A LA DISPOSITION DE LA SNCF
9823;CODES MIS A LA DISPOSITION DE LA SNCF
9824;CODES MIS A LA DISPOSITION DE LA SNCF
9825;CODES MIS A LA DISPOSITION DE LA SNCF
9826;CODES MIS A LA DISPOSITION DE LA SNCF
9827;CODES MIS A LA DISPOSITION DE LA SNCF
9828;CODES MIS A LA DISPOSITION DE LA SNCF
9829;CODES MIS A LA DISPOSITION DE LA SNCF
9830;CODES MIS A LA DISPOSITION DE LA SNCF
9831;CODES MIS A LA DISPOSITION DE LA SNCF
9832;CODES MIS A LA DISPOSITION DE LA SNCF
9833;CODES MIS A LA DISPOSITION DE LA SNCF
9834;CODES MIS A LA DISPOSITION DE LA SNCF
9835;CODES MIS A LA DISPOSITION DE LA SNCF
9836;CODES MIS A LA DISPOSITION DE LA SNCF
9837;CODES MIS A LA DISPOSITION DE LA SNCF
9838;CODES MIS A LA DISPOSITION DE LA SNCF
9839;CODES MIS A LA DISPOSITION DE LA SNCF
9840;CODES MIS A LA DISPOSITION DE LA SNCF
9841;CODES MIS A LA DISPOSITION DE LA SNCF
9842;CODES MIS A LA DISPOSITION DE LA SNCF
9843;CODES MIS A LA DISPOSITION DE LA SNCF
9844;CODES MIS A LA DISPOSITION DE LA SNCF
9845;CODES MIS A LA DISPOSITION DE LA SNCF
9846;CODES MIS A LA DISPOSITION DE LA SNCF
9847;CODES MIS A LA DISPOSITION DE LA SNCF
9848;CODES MIS A LA DISPOSITION DE LA SNCF
9849;CODES MIS A LA DISPOSITION DE LA SNCF
9850;CODES MIS A LA DISPOSITION DE LA SNCF
9851;CODES MIS A LA DISPOSITION DE LA SNCF
9852;CODES MIS A LA DISPOSITION DE LA SNCF
9853;CODES MIS A LA DISPOSITION DE LA SNCF
9854;CODES MIS A LA DISPOSITION DE LA SNCF
9855;CODES MIS A LA DISPOSITION DE LA SNCF
9856;CODES MIS A LA DISPOSITION DE LA SNCF
9857;CODES MIS A LA DISPOSITION DE LA SNCF
9858;CODES MIS A LA DISPOSITION DE LA SNCF
9859;CODES MIS A LA DISPOSITION DE LA SNCF
9860;CODES MIS A LA DISPOSITION DE LA SNCF
9861;CODES MIS A LA DISPOSITION DE LA SNCF
9862;CODES MIS A LA DISPOSITION DE LA SNCF
9863;CODES MIS A LA DISPOSITION DE LA SNCF
9864;CODES MIS A LA DISPOSITION DE LA SNCF
9865;CODES MIS A LA DISPOSITION DE LA SNCF
9866;CODES MIS A LA DISPOSITION DE LA SNCF
9867;CODES MIS A LA DISPOSITION DE LA SNCF
9868;CODES MIS A LA DISPOSITION DE LA SNCF
9869;CODES MIS A LA DISPOSITION DE LA SNCF
9870;CODES MIS A LA DISPOSITION DE LA SNCF
9871;CODES MIS A LA DISPOSITION DE LA SNCF
9872;CODES MIS A LA DISPOSITION DE LA SNCF
9873;CODES MIS A LA DISPOSITION DE LA SNCF
9874;CODES MIS A LA DISPOSITION DE LA SNCF
9875;CODES MIS A LA DISPOSITION DE LA SNCF
9876;CODES MIS A LA DISPOSITION DE LA SNCF
9877;CODES MIS A LA DISPOSITION DE LA SNCF
9878;CODES MIS A LA DISPOSITION DE LA SNCF
9879;CODES MIS A LA DISPOSITION DE LA SNCF
9880;CODES MIS A LA DISPOSITION DE LA SNCF
9881;CODES MIS A LA DISPOSITION DE LA SNCF
9882;CODES MIS A LA DISPOSITION DE LA SNCF
9883;CODES MIS A LA DISPOSITION DE LA SNCF
9884;CODES MIS A LA DISPOSITION DE LA SNCF
9885;CODES MIS A LA DISPOSITION DE LA SNCF
9886;CODES MIS A LA DISPOSITION DE LA SNCF
9887;CODES MIS A LA DISPOSITION DE LA SNCF
9888;CODES MIS A LA DISPOSITION DE LA SNCF
9889;CODES MIS A LA DISPOSITION DE LA SNCF
9890;CODES MIS A LA DISPOSITION DE LA SNCF
9891;CODES MIS A LA DISPOSITION DE LA SNCF
9892;CODES MIS A LA DISPOSITION DE LA SNCF
9893;CODES MIS A LA DISPOSITION DE LA SNCF
9894;CODES MIS A LA DISPOSITION DE LA SNCF
9895;CODES MIS A LA DISPOSITION DE LA SNCF
9896;CODES MIS A LA DISPOSITION DE LA SNCF
9897;CODES MIS A LA DISPOSITION DE LA SNCF
9898;CODES MIS A LA DISPOSITION DE LA SNCF
9899;CODES MIS A LA DISPOSITION DE LA SNCF
9901;TRANSPORT POUR PERSONNE ACCOMPAGNANTE (MILITAIRES)
9902;AIDE SOCIALE (MILITAIRES)
9911;AIDE MENAGERE
9912;AIDE MENAGERE FAMILIALE (MILITAIRES)
9999;VALEUR INCONNUE
